{
    "loss": 3.1862149238586426,
    "accuracy": 0.7844827771186829
}