{
    "loss": 0.6238388419151306,
    "accuracy": 0.931034505367279
}